{
  "counts": {
    "total_replays": 203602,
    "balance_passed": 154061,
    "training_eligible": 102697,
    "pvp_ranked": 102697,
    "bot_matches_format201": 0,
    "masterbot_rating_matches": 8042
  },
  "ratings": {
    "2000+": {
      "count": 24154,
      "mean_avg_rating": 2118.7,
      "pct": 23.5
    },
    "1800-1999": {
      "count": 46903,
      "mean_avg_rating": 1968.5,
      "pct": 45.7
    },
    "1600-1799": {
      "count": 28510,
      "mean_avg_rating": 1820.1,
      "pct": 27.8
    },
    "1500-1599": {
      "count": 3130,
      "mean_avg_rating": 1700.0,
      "pct": 3.0
    },
    "_summary": {
      "mean_combined_rating": 3908.9,
      "mean_per_player": 1954.4,
      "min_rating_in_set": 1500.0439453125,
      "max_rating_in_set": 2343.72802734375
    }
  },
  "win_rates": {
    "total_games": 102697,
    "p1_wins": 49149,
    "p2_wins": 53174,
    "draws": 374,
    "other": 0,
    "p1_win_rate": 0.4786,
    "p2_win_rate": 0.5178,
    "draw_rate": 0.0036,
    "draw_pct": 0.36,
    "seat_bias_elo": 13.7,
    "_note": "P1=first mover, P2=second mover (extra Drone). result=0 means P1 wins."
  },
  "game_length": {
    "games_with_duration": 102697,
    "mean_seconds": 650.9,
    "median_seconds": 606,
    "p25_seconds": 406,
    "p75_seconds": 848,
    "p95_seconds": 1278,
    "min_seconds": 3,
    "max_seconds": 4452,
    "by_minute": {
      "0min": 452,
      "1min": 1670,
      "2min": 4511,
      "3min": 3753,
      "4min": 4324,
      "5min": 5680,
      "6min": 6959,
      "7min": 7631,
      "8min": 7800,
      "9min": 7736,
      "10min": 7301,
      "11min": 6965,
      "12min": 6103,
      "13min": 5473,
      "14min": 4785,
      "15min": 4001,
      "16min": 3386,
      "17min": 2848,
      "18min": 2334,
      "19min": 1910,
      "20min": 1521,
      "21min": 1223,
      "22min": 923,
      "23min": 748,
      "24min": 591,
      "25min": 473,
      "26min": 357,
      "27min": 278,
      "28min": 216,
      "29min": 146,
      "30min": 142
    },
    "over_30min": 457
  },
  "card_sets": {
    "base_only_games": 0,
    "random_set_games": 102697,
    "base_only_pct": 0.0,
    "deck_size_distribution": {
      "5": 10860,
      "8": 24549,
      "9": 35088,
      "10": 24962,
      "11": 7231,
      "12": 4,
      "13": 3
    },
    "_note": "Base-only games should be excluded from training per plan."
  },
  "unit_frequency": {
    "base_set_units": {},
    "random_set_top20": {
      "Arms Race": 9411,
      "Nitrocybe": 9376,
      "Cynestra": 9376,
      "Manticore": 9363,
      "Shredder": 9362,
      "Borehole Patroller": 9356,
      "Corpus": 9351,
      "Oxide Mixer": 9342,
      "Infusion Grid": 9342,
      "Barrier": 9330,
      "Aegis": 9330,
      "Doomed Wall": 9329,
      "Polywall": 9323,
      "Frostbite": 9313,
      "Husk": 9303,
      "Shadowfang": 9299,
      "Fission Turret": 9291,
      "Ferritin Sac": 9287,
      "Doomed Drone": 9283,
      "Protoplasm": 9278
    },
    "random_set_bottom20": {
      "Bombarder": 4150,
      "Wild Drone": 4161,
      "Sentinel": 4632,
      "Militia": 4637,
      "Blood Phage": 4712,
      "Tyranno Smorcus": 5728,
      "Innervi Field": 5839,
      "Photonic Fibroid": 5847,
      "Mega Drone": 5891,
      "Valkyrion": 6322,
      "Centrifuge": 6425,
      "Redeemer": 6524,
      "Urban Sentry": 6653,
      "Mobile Animus": 6861,
      "Tatsu Nullifier": 7325,
      "The Wincer": 7830,
      "Amporilla": 7886,
      "Scorchilla": 7945,
      "Savior": 8068,
      "Deadeye Operative": 8185
    },
    "low_data_units_under_500": {},
    "low_data_count": 0,
    "total_unique_units": 105
  },
  "players": {
    "unique_players": 740,
    "top_20_contributors": {
      "flopflop": 10675,
      "jamberine": 10291,
      "Homeless": 8284,
      "Wonderboat": 5953,
      "307th": 5929,
      "SpiritFryer": 4541,
      "Msven": 4479,
      "Addition_": 4043,
      "Apooche": 3967,
      "Mega-supp": 3687,
      "Arkanishu": 3361,
      "zezetel": 3296,
      "Punf": 2938,
      "Achaa": 2855,
      "1durbow": 2834,
      "TheSystem": 2719,
      "Esoteric": 2559,
      "xYotsuba": 2549,
      "ruinedshadows": 2422,
      "mrguy888": 2213
    }
  },
  "temporal": {
    "monthly_counts": {
      "2016-01": 259,
      "2016-02": 579,
      "2016-03": 1007,
      "2016-04": 683,
      "2016-05": 814,
      "2016-06": 781,
      "2016-07": 461,
      "2016-08": 715,
      "2016-09": 666,
      "2016-10": 560,
      "2016-11": 553,
      "2016-12": 1500,
      "2017-01": 1012,
      "2017-02": 568,
      "2017-03": 446,
      "2017-04": 764,
      "2017-05": 988,
      "2017-06": 1118,
      "2017-07": 1419,
      "2017-08": 829,
      "2017-09": 599,
      "2017-10": 618,
      "2017-11": 1051,
      "2017-12": 1068,
      "2018-01": 1876,
      "2018-02": 2031,
      "2018-03": 3449,
      "2018-04": 3610,
      "2018-05": 3797,
      "2018-06": 4011,
      "2018-07": 2981,
      "2018-08": 2178,
      "2018-09": 1912,
      "2018-10": 1767,
      "2018-11": 1492,
      "2018-12": 1215,
      "2019-01": 2074,
      "2019-02": 1746,
      "2019-03": 1512,
      "2019-04": 1473,
      "2019-05": 1942,
      "2019-06": 1791,
      "2019-07": 3402,
      "2019-08": 2326,
      "2019-09": 1922,
      "2019-10": 1692,
      "2019-11": 1120,
      "2019-12": 857,
      "2020-01": 1061,
      "2020-02": 727,
      "2020-03": 1186,
      "2020-04": 1126,
      "2020-05": 1366,
      "2020-06": 1060,
      "2020-07": 898,
      "2020-08": 1319,
      "2020-09": 740,
      "2020-10": 551,
      "2020-11": 777,
      "2020-12": 816,
      "2021-01": 683,
      "2021-02": 812,
      "2021-03": 568,
      "2021-04": 445,
      "2021-05": 453,
      "2021-06": 137,
      "2021-07": 391,
      "2021-08": 186,
      "2021-09": 32,
      "2021-10": 129,
      "2021-11": 310,
      "2021-12": 497,
      "2022-01": 615,
      "2022-02": 189,
      "2022-03": 70,
      "2022-04": 73,
      "2022-07": 16,
      "2022-08": 271,
      "2022-09": 70,
      "2022-10": 101,
      "2022-11": 108,
      "2022-12": 116,
      "2023-01": 245,
      "2023-02": 1100,
      "2023-03": 1515,
      "2023-04": 776,
      "2023-05": 220,
      "2023-06": 108,
      "2023-07": 123,
      "2023-08": 207,
      "2023-09": 80,
      "2023-10": 178,
      "2023-11": 109,
      "2023-12": 204,
      "2024-01": 176,
      "2024-02": 532,
      "2024-03": 1122,
      "2024-04": 1179,
      "2024-05": 434,
      "2024-06": 279,
      "2024-07": 470,
      "2024-08": 241,
      "2024-09": 82,
      "2024-10": 316,
      "2024-11": 242,
      "2024-12": 311,
      "2025-01": 460,
      "2025-02": 409,
      "2025-03": 273,
      "2025-04": 134,
      "2025-05": 389,
      "2025-06": 50,
      "2025-07": 33,
      "2025-08": 139,
      "2025-09": 339,
      "2025-10": 71,
      "2025-11": 118,
      "2025-12": 153,
      "2026-01": 320,
      "2026-02": 389,
      "2026-03": 38
    },
    "earliest_unix": 1451645395,
    "latest_unix": 1772717574,
    "_note": "Temporal split: oldest 80% = train, next 10% = val, newest 10% = test"
  }
}